assay,allele,metric,auroc,auroc_ci_lo,auroc_ci_hi,rank_biserial,n,n_quantitative,n_censored
IC50,A*01:01,I_sc_best,0.668759053597296,0.6064109888988154,0.7242130145235066,0.3375181071945921,299,190,109
IC50,A*02:01,I_sc_best,0.7196853892404408,0.7059817671230899,0.7390552113672035,0.4393707784808816,6188,5261,927
IC50,A*03:01,I_sc_best,0.5688323201621074,0.52391180049551,0.6206611424979196,0.13766464032421477,591,423,168
IC50,A*11:01,I_sc_best,0.6032069091770584,0.5597082151717978,0.6516907693879584,0.20641381835411687,667,469,198
IC50,A*24:02,I_sc_best,0.6527901715295241,0.6090009398941563,0.702583074750381,0.30558034305904824,776,587,189
IC50,A*26:01,I_sc_best,0.7794117647058824,0.5796288515406163,0.9326923076923077,0.5588235294117647,29,17,12
IC50,A*29:02,I_sc_best,0.8237179487179488,0.7324300699300699,0.9066954238559639,0.6474358974358976,74,48,26
IC50,A*31:01,I_sc_best,0.5184167124793843,0.4000267094017094,0.6444667472656602,0.03683342495876851,141,107,34
IC50,A*68:01,I_sc_best,0.5861204013377926,0.4976479329641838,0.6855168269230767,0.17224080267558528,124,78,46
IC50,A*68:02,I_sc_best,0.6118443640073374,0.5789013863325041,0.6414160073965578,0.22368872801467488,2451,2169,282
IC50,B*07:02,I_sc_best,0.5995644404735314,0.5455832220524557,0.6597268385642104,0.19912888094706283,561,407,154
IC50,B*08:01,I_sc_best,0.5922523573442209,0.5271450166079117,0.6627602085784693,0.18450471468844176,208,81,127
IC50,B*15:01,I_sc_best,0.5975954738330976,0.529574748409161,0.6676915769257872,0.19519094766619527,283,182,101
IC50,B*18:01,I_sc_best,0.5978260869565218,0.4487745974955277,0.7228703703703703,0.19565217391304368,63,40,23
IC50,B*35:01,I_sc_best,0.6716666666666666,0.5229700918607135,0.7887193535631035,0.34333333333333327,170,150,20
IC50,B*40:02,I_sc_best,0.4670329670329671,0.30849056603773584,0.6211659663865546,-0.06593406593406581,73,52,21
IC50,B*44:02,I_sc_best,0.41126070991432073,0.26779761904761906,0.5746366279069766,-0.17747858017135854,62,43,19
IC50,B*44:03,I_sc_best,0.409390243902439,0.3087756583039602,0.5090914178382495,-0.181219512195122,141,100,41
IC50,B*51:01,I_sc_best,0.63894523326572,0.5223730192643237,0.7687566556795132,0.2778904665314399,97,68,29
IC50,B*53:01,I_sc_best,0.5085725677830941,0.3956325124680388,0.6221965517241378,0.01714513556618824,170,132,38
IC50,B*57:01,I_sc_best,0.6942857142857143,0.5561145913220459,0.8498539790854306,0.38857142857142857,90,70,20
KD,A*01:01,I_sc_best,0.7393769700221315,0.7176720921528932,0.763742622109618,0.4787539400442631,2031,481,1550
KD,A*02:01,I_sc_best,0.6972080412149633,0.676291780415616,0.7162225512581707,0.39441608242992654,3033,1118,1915
KD,A*03:01,I_sc_best,0.6086429699990891,0.5838264124165814,0.6301752073912636,0.21728593999817813,2516,702,1814
KD,A*11:01,I_sc_best,0.5747665657098069,0.5433230744770883,0.6027969079785611,0.14953313141961377,1845,578,1267
KD,A*23:01,I_sc_best,0.7612118921642732,0.7071353606726546,0.8182149777611233,0.5224237843285464,504,126,378
KD,A*24:02,I_sc_best,0.7302481785063752,0.6736674833055278,0.780909173568748,0.4604963570127505,327,144,183
KD,A*25:01,I_sc_best,0.7745494835543183,0.7222307782239554,0.8258539621277524,0.5490989671086366,871,68,803
KD,A*26:01,I_sc_best,0.7096572459829703,0.6774804423166706,0.735045161232047,0.4193144919659406,1965,357,1608
KD,A*29:02,I_sc_best,0.7928312980551786,0.7609592887813064,0.828607170156226,0.5856625961103572,751,201,550
KD,A*30:01,I_sc_best,0.46339322593969434,0.4094651815946832,0.5125684036236132,-0.07321354812061132,485,216,269
KD,A*31:01,I_sc_best,0.646388043616077,0.6181287901959179,0.6719283099385628,0.2927760872321541,1723,528,1195
KD,A*68:02,I_sc_best,0.5470015576323988,0.49504089445357796,0.5950306306000445,0.09400311526479754,1006,150,856
KD,B*07:02,I_sc_best,0.580537163805035,0.5572582314368294,0.6054640307099081,0.1610743276100699,1903,630,1273
KD,B*08:01,I_sc_best,0.7630465279401449,0.7388575606531836,0.7930386399939654,0.5260930558802899,1286,376,910
KD,B*14:02,I_sc_best,0.5162790697674419,0.33663275193798453,0.7066745754245752,0.032558139534883734,53,10,43
KD,B*15:01,I_sc_best,0.6939201103782474,0.6735446418683866,0.7154842647618482,0.3878402207564948,2535,920,1615
KD,B*18:01,I_sc_best,0.557746761435286,0.5182728860736483,0.5975105382851812,0.11549352287057202,1602,260,1342
KD,B*27:05,I_sc_best,0.6220798703314135,0.5939088490733797,0.6530979238459721,0.24415974066282708,1783,428,1355
KD,B*35:01,I_sc_best,0.7368962529781243,0.6682566811380424,0.8152220139635936,0.47379250595624867,524,486,38
KD,B*39:01,I_sc_best,0.6293094942992273,0.5984719167376356,0.6653860821120978,0.25861898859845467,1307,333,974
KD,B*40:01,I_sc_best,0.6129835506432951,0.5799450576660826,0.6456237321162769,0.22596710128659026,1622,370,1252
KD,B*44:02,I_sc_best,0.6111063757245142,0.4539702272542156,0.7479754891822541,0.2222127514490284,852,14,838
KD,B*51:01,I_sc_best,0.642906770648706,0.5982383785667635,0.6889690638468211,0.2858135412974121,1215,130,1085
KD,B*57:01,I_sc_best,0.724200826585695,0.6989414427003892,0.7505291645362329,0.4484016531713899,1864,304,1560
KD,B*58:01,I_sc_best,0.7287410470213638,0.705084414078689,0.7511121647633842,0.45748209404272755,2039,577,1462
