assay,scheme,task,fold,held_out_allele
IC50,cv1,regression,1,
IC50,cv1,regression,2,
IC50,cv1,regression,3,
IC50,cv1,regression,4,
IC50,cv1,regression,5,
IC50,cv1,classification,1,
IC50,cv1,classification,2,
IC50,cv1,classification,3,
IC50,cv1,classification,4,
IC50,cv1,classification,5,
IC50,cv2,regression,1,A*02:01
IC50,cv2,regression,2,A*68:02
IC50,cv2,regression,3,A*24:02
IC50,cv2,regression,4,A*11:01
IC50,cv2,regression,5,A*03:01
IC50,cv2,regression,6,B*07:02
IC50,cv2,regression,7,A*01:01
IC50,cv2,regression,8,B*15:01
IC50,cv2,regression,9,B*35:01
IC50,cv2,regression,10,B*53:01
IC50,cv2,regression,11,A*31:01
IC50,cv2,regression,12,B*44:03
IC50,cv2,classification,1,A*02:01
IC50,cv2,classification,2,A*68:02
IC50,cv2,classification,3,A*24:02
IC50,cv2,classification,4,A*11:01
IC50,cv2,classification,5,A*03:01
IC50,cv2,classification,6,B*07:02
IC50,cv2,classification,7,A*01:01
IC50,cv2,classification,8,B*15:01
IC50,cv2,classification,9,B*35:01
IC50,cv2,classification,10,B*53:01
IC50,cv2,classification,11,A*31:01
IC50,cv2,classification,12,B*44:03
IC50,cv3,regression,1,
IC50,cv3,regression,2,
IC50,cv3,regression,3,
IC50,cv3,regression,4,
IC50,cv3,regression,5,
IC50,cv3,classification,1,
IC50,cv3,classification,2,
IC50,cv3,classification,3,
IC50,cv3,classification,4,
IC50,cv3,classification,5,
Kd,cv1,regression,1,
Kd,cv1,regression,2,
Kd,cv1,regression,3,
Kd,cv1,regression,4,
Kd,cv1,regression,5,
Kd,cv1,classification,1,
Kd,cv1,classification,2,
Kd,cv1,classification,3,
Kd,cv1,classification,4,
Kd,cv1,classification,5,
Kd,cv2,regression,1,A*02:01
Kd,cv2,regression,2,B*15:01
Kd,cv2,regression,3,A*03:01
Kd,cv2,regression,4,B*07:02
Kd,cv2,regression,5,A*11:01
Kd,cv2,regression,6,B*58:01
Kd,cv2,regression,7,A*31:01
Kd,cv2,regression,8,B*35:01
Kd,cv2,regression,9,A*01:01
Kd,cv2,regression,10,B*27:05
Kd,cv2,regression,11,B*08:01
Kd,cv2,regression,12,B*40:01
Kd,cv2,regression,13,A*26:01
Kd,cv2,regression,14,B*39:01
Kd,cv2,regression,15,B*57:01
Kd,cv2,regression,16,B*18:01
Kd,cv2,regression,17,A*30:01
Kd,cv2,regression,18,A*29:02
Kd,cv2,regression,19,A*68:02
Kd,cv2,regression,20,A*24:02
Kd,cv2,regression,21,B*51:01
Kd,cv2,regression,22,A*23:01
Kd,cv2,classification,1,A*02:01
Kd,cv2,classification,2,B*15:01
Kd,cv2,classification,3,A*03:01
Kd,cv2,classification,4,B*07:02
Kd,cv2,classification,5,A*11:01
Kd,cv2,classification,6,B*58:01
Kd,cv2,classification,7,A*31:01
Kd,cv2,classification,8,B*35:01
Kd,cv2,classification,9,A*01:01
Kd,cv2,classification,10,B*27:05
Kd,cv2,classification,11,B*08:01
Kd,cv2,classification,12,B*40:01
Kd,cv2,classification,13,A*26:01
Kd,cv2,classification,14,B*39:01
Kd,cv2,classification,15,B*57:01
Kd,cv2,classification,16,B*18:01
Kd,cv2,classification,17,A*30:01
Kd,cv2,classification,18,A*29:02
Kd,cv2,classification,19,A*68:02
Kd,cv2,classification,20,A*24:02
Kd,cv2,classification,21,B*51:01
Kd,cv2,classification,22,A*23:01
Kd,cv3,regression,1,
Kd,cv3,regression,2,
Kd,cv3,regression,3,
Kd,cv3,regression,4,
Kd,cv3,regression,5,
Kd,cv3,classification,1,
Kd,cv3,classification,2,
Kd,cv3,classification,3,
Kd,cv3,classification,4,
Kd,cv3,classification,5,
